costar_submarket,wb_submarket,properties
Brookwood,Aloha,1
Cooper Mountain-Aloha North,Aloha,34
Cooper Mountain-Aloha South,Aloha,3
Downtown Hillsboro,Aloha,8
Outlying Aloha,Aloha,1
South Hillsboro,Aloha,1
Southeast Hillsboro,Aloha,4
Cedar Hills,Beaverton,11
Central Beaverton,Beaverton,13
Denny Whitford,Beaverton,3
Downtown Beaverton,Beaverton,15
Greenway,Beaverton,7
Highland Beaverton,Beaverton,3
Neighbors Southwest,Beaverton,13
Raleigh Hills,Beaverton,19
Raleigh West,Beaverton,4
Sexton Mountain,Beaverton,3
South Beaverton,Beaverton,4
Vose,Beaverton,3
West Beaverton,Beaverton,8
CBD,CBD,1
Argay,Central Northeast,7
Beaumont-Wilshire,Central Northeast,2
Cully,Central Northeast,11
Hollywood,Central Northeast,6
Madison South,Central Northeast,5
Parkrose,Central Northeast,6
Rose City Park,Central Northeast,4
Barlow,Clackamas County,1
Canby,Clackamas County,11
Clackamette Park,Clackamas County,1
Outlying Clackamas County,Clackamas County,26
Park Place,Clackamas County,2
Outlying Clark  County,Clark County,24
Columbia County,Columbia County,11
Ardenwald,Damascus,4
Boring,Damascus,1
Clackamas,Damascus,5
Gladstone,Damascus,7
Historic Milwaukie,Damascus,9
Island Station,Damascus,1
Jennings Lodge,Damascus,1
Lake Road,Damascus,3
Lewelling,Damascus,1
Linwood,Damascus,2
Milwaukie Heights,Damascus,10
North Clackamas,Damascus,3
Rock Creek,Damascus,16
Southgate,Damascus,21
Sunnyside Damascus,Damascus,14
West Mt Scott,Damascus,2
Arts District,Downtown Portland,30
Lloyd District,Downtown Portland,11
Old Town-Chinatown,Downtown Portland,18
Park Blocks,Downtown Portland,11
Pearl,Downtown Portland,55
South Eliot,Downtown Portland,6
Waterfront,Downtown Portland,19
Centennial,East Portland,16
Gateway,East Portland,28
Glenfair,East Portland,7
Lents,East Portland,7
Lents-Powellhurst-Gilbert,East Portland,1
Mill Park,East Portland,8
Parkrose Heights,East Portland,3
Powellhurst-Gilbert,East Portland,16
Wilkes,East Portland,3
Bethany,Hillsboro,17
Cedar Hills-Cedar Mill,Hillsboro,24
Five Oaks,Hillsboro,4
Northwest Hillsboro,Hillsboro,4
Orenco Station,Hillsboro,17
Outlying Hillsboro,Hillsboro,1
Sommerset West-Elmonica South,Hillsboro,18
Tanasbourne,Hillsboro,16
Triple Creek,Hillsboro,6
West Union,Hillsboro,3
Arnold Creek,Lake Oswego,2
Bryant,Lake Oswego,1
Evergreen,Lake Oswego,2
Foothills,Lake Oswego,1
Hallinan,Lake Oswego,1
Lake Forest,Lake Oswego,3
Lakewood,Lake Oswego,2
Mt Park,Lake Oswego,5
Oak Creek,Lake Oswego,2
Walluga,Lake Oswego,4
West Portland Park,Lake Oswego,8
Westlake,Lake Oswego,2
Arbor Lodge,North Portland,4
Bridgeton,North Portland,6
Cathedral Park,North Portland,5
Hayden Island,North Portland,6
Kenton,North Portland,4
Overlook,North Portland,3
Portsmouth,North Portland,5
St Johns,North Portland,6
Boise,Northeast Portland,10
Concordia,Northeast Portland,1
Humboldt,Northeast Portland,18
Irvington,Northeast Portland,3
King,Northeast Portland,4
North Eliot,Northeast Portland,12
Sullivan's Gulch,Northeast Portland,7
Goose Hollow,Northwest Portland,28
Hillside,Northwest Portland,4
Northwest Heights,Northwest Portland,2
Southwest Hills,Northwest Portland,3
Sylvan-Highlands,Northwest Portland,1
Uptown Portland,Northwest Portland,58
Barclay Hills,Oregon City,4
Caufield,Oregon City,4
Gaffney Lane,Oregon City,2
Hillendale,Oregon City,4
McLoughlin,Oregon City,1
Rivercrest,Oregon City,1
South End,Oregon City,1
Outlying Multnomah,Outlying Multnomah,1
Outlying Washington County,Outlying Washington County,19
Sherwood/Tualatin North,Sherwood/Tualatin,7
Sherwood/Tualatin South,Sherwood/Tualatin,22
Skamania County,Skamania County,1
Brentwood-Darlington,Southeast Portland,1
Brooklyn,Southeast Portland,5
Buckman,Southeast Portland,28
Central Eastside,Southeast Portland,12
Creston-Kenilworth,Southeast Portland,9
Hosford-Abernethy,Southeast Portland,5
Kerns,Southeast Portland,17
Montavilla,Southeast Portland,9
Mt Scott-Arleta,Southeast Portland,3
Mt Tabor,Southeast Portland,4
North Tabor,Southeast Portland,5
Reed,Southeast Portland,2
Richmond,Southeast Portland,11
Sellwood-Moreland,Southeast Portland,14
South Tabor,Southeast Portland,2
Sunnyside,Southeast Portland,6
Woodstock,Southeast Portland,3
Ashcreek,Southwest Portland,1
Bridlemile,Southwest Portland,5
Hayhurst,Southwest Portland,1
Hillsdale,Southwest Portland,6
Homestead-Council Crest,Southwest Portland,4
Maplewood,Southwest Portland,1
Multnomah,Southwest Portland,7
South Portland,Southwest Portland,13
South Waterfront,Southwest Portland,15
Bull Mountain,Tigard,28
Downtown Tigard,Tigard,16
Metzger,Tigard,7
Tigard Triangle,Tigard,11
Downtown Gresham,Troutdale/Gresham,8
Gresham-Centennial,Troutdale/Gresham,9
Gresham-North Central,Troutdale/Gresham,12
Gresham-Northeast,Troutdale/Gresham,9
Gresham-Northwest,Troutdale/Gresham,9
Gresham-Southwest,Troutdale/Gresham,2
Holly Brook,Troutdale/Gresham,5
Kelly Creek,Troutdale/Gresham,2
Mt Hood,Troutdale/Gresham,7
North Gresham,Troutdale/Gresham,4
Outlying Troutdale/Gresham,Troutdale/Gresham,30
Powell Valley,Troutdale/Gresham,4
Rockwood,Troutdale/Gresham,15
Southeast Uplift,Troutdale/Gresham,1
Wilkes East,Troutdale/Gresham,10
Wilkes-Hemlock,Troutdale/Gresham,3
Bagley Downs,Vancouver,12
Bennington,Vancouver,11
Brush Prairie,Vancouver,1
Cascade Park,Vancouver,19
Central Park,Vancouver,2
Columbia Way,Vancouver,4
Downtown Vancouver,Vancouver,18
Downtown Washougal,Vancouver,4
Ellsworth Springs,Vancouver,7
Esther Short,Vancouver,1
Fircrest,Vancouver,11
Fisher's Landing East,Vancouver,5
Fisher's Village,Vancouver,15
Fisher-Mill Plain-Fisher's Village,Vancouver,2
Fourth Plain Village,Vancouver,2
Fruit Valley,Vancouver,2
Harney Heights,Vancouver,6
Hudson's Bay,Vancouver,1
Kevanna Park,Vancouver,3
Knapp,Vancouver,5
Landover-Sharmel,Vancouver,12
Marrion,Vancouver,1
Meadow Homes,Vancouver,3
Mountain View Meadows-Orchards,Vancouver,1
North Garrison Heights,Vancouver,3
North Image,Vancouver,5
Northeast Hazel Dell,Vancouver,18
Northeast Hazel Dell-Starcrest,Vancouver,3
Oakbrook,Vancouver,2
Ogden,Vancouver,5
Orchards Area,Vancouver,19
Outlying Vancouver,Vancouver,9
Pleasant Valley Vancouver,Vancouver,13
Pleasant Valley-Fairgrounds,Vancouver,1
Riverview,Vancouver,2
Rose Village,Vancouver,3
Starcrest,Vancouver,8
Uptown Vancouver,Vancouver,3
Vancouver Heights,Vancouver,6
Vancouver Waterfront,Vancouver,11
Walnut Grove,Vancouver,29
West Hazel Dell,Vancouver,3
Bolton,Wilsonville,1
Robinwood,Wilsonville,2
Tanner Basin,Wilsonville,1
Tualatin,Wilsonville,1
Willamette,Wilsonville,3
Wilsonville,Wilsonville,22
Yamhill County,Yamhill County,43
